"Demo01"	"D31D14492C1D05EFDD473FA5FAF396395DA7A62F"
"Demo02"	"B580500B90EDFE0C0C64BAE4A9F73F795B181F66"
"Demo03"	"743A9B1D23247097130920B0A329D2B6605F4E6A"
"Demo04"	"3E376A8FCC6396008FE2952F9DC47E74814B6057"
"Demo05"	"6E0C4B30B0F00552CB960CD219F3DF933BC5E7B7"
"Demo06"	"4C86E55074BB99609DD211E584A787583522C234"
"Demo07"	"7A453F8EAE5619655808D230255DADF8CB8EA584"
"Demo08"	"D737C8177A3B1A1A623751A2F0751B4A6D9A00AA"
"Demo09"	"ACE5554C2EE2227075A80180AE020210808798BC"
"Demo10"	"C1954F3CDD67C2123AA6213CFE80CE24F7EB7075"
